{"cameraMode":{"drawMode":0,"name":"Shaded","section":"Shading Mode"},"sceneLighting":false,"audioPlay":false,"sceneViewState":{"m_AlwaysRefresh":false,"showFog":true,"showSkybox":false,"showFlares":true,"showImageEffects":true,"showParticleSystems":true,"showVisualEffectGraphs":true,"m_FxEnabled":true},"in2DMode":false,"pivot":{"x":-0.14656364917755128,"y":1.5373642444610596,"z":8.6333646774292},"rotation":{"x":0.02546294778585434,"y":0.05185815691947937,"z":-0.0013226416194811464,"w":0.9983299374580383},"size":2.9717679023742677,"orthographic":true}